Optimization Level,Base,LLVM,MIP
O3,103297.90697674418,242471.39534883722,129824.11627906977
Oz,78381.76744186046,269661.67441860464,104580.87209302325
