Optimization Level,Base,LLVM,MIP
O3,103297.90697674418,242471.39534883722,143716.55813953487
Oz,78381.76744186046,269661.67441860464,119897.02325581395
