Optimization Level,Base,LLVM,MIP
O3,5701.046511627907,5829.046511627907,5765.046511627907
Oz,5704.813953488372,5832.860465116279,5768.813953488372
