Optimization Level,Base,LLVM,MIP
O3,0.0,39466.95930232558,2479.4651162790697
Oz,0.0,46810.88372093023,2041.9302325581396
