Optimization Level,Base,LLVM,MIP
O3,54328.86627906977,93285.5988372093,69914.3546511628
Oz,25863.29651162791,64753.308139534885,36683.70930232558
