{ "bin_size" : { "Os" : {"base" : {"avg" : 78381.76744186046, "std" : 178654.83247414418, "min" : 33320.0, "max" : 1636024.0 }, "llvm" : {"avg" : 269661.67441860464, "std" : 736552.5962541515, "min" : 123816.0, "max" : 8538488.0 }, "mip" : {"avg" : 119897.02325581395, "std" : 320062.09879621275, "min" : 40352.0, "max" : 2832016.0 },  }, "Oz" : {"base" : {"avg" : 78381.76744186046, "std" : 178654.83247414418, "min" : 33320.0, "max" : 1636024.0 }, "llvm" : {"avg" : 269661.67441860464, "std" : 736552.5962541515, "min" : 123816.0, "max" : 8538488.0 }, "mip" : {"avg" : 119897.02325581395, "std" : 320062.09879621275, "min" : 40352.0, "max" : 2832016.0 },  },  }, "text_size" : { "Os" : {"base" : {"avg" : 25863.29651162791, "std" : 70705.23799162816, "min" : 169.0, "max" : 479610.0 }, "llvm" : {"avg" : 64753.308139534885, "std" : 129262.5847920882, "min" : 21210.0, "max" : 910144.0 }, "mip" : {"avg" : 36683.70930232558, "std" : 96506.82420380368, "min" : 2383.0, "max" : 722098.0 },  }, "Oz" : {"base" : {"avg" : 25863.29651162791, "std" : 70705.23799162816, "min" : 169.0, "max" : 479610.0 }, "llvm" : {"avg" : 64753.308139534885, "std" : 129262.5847920882, "min" : 21210.0, "max" : 910144.0 }, "mip" : {"avg" : 36683.70930232558, "std" : 96506.82420380368, "min" : 2383.0, "max" : 722098.0 },  },  }, "data_size" : { "Os" : {"base" : {"avg" : 5704.813953488372, "std" : 57112.10953955746, "min" : 0.0, "max" : 746604.0 }, "llvm" : {"avg" : 5832.860465116279, "std" : 57110.88952147408, "min" : 128.0, "max" : 746716.0 }, "mip" : {"avg" : 5768.813953488372, "std" : 57112.10953955746, "min" : 64.0, "max" : 746668.0 },  }, "Oz" : {"base" : {"avg" : 5704.813953488372, "std" : 57112.10953955746, "min" : 0.0, "max" : 746604.0 }, "llvm" : {"avg" : 5832.860465116279, "std" : 57110.88952147408, "min" : 128.0, "max" : 746716.0 }, "mip" : {"avg" : 5768.813953488372, "std" : 57112.10953955746, "min" : 64.0, "max" : 746668.0 },  },  }, "instr_data_size" : { "Os" : {"base" : {"avg" : 0.0, "std" : 0.0, "min" : 0.0, "max" : 0.0 }, "llvm" : {"avg" : 46810.88372093023, "std" : 96842.5823779893, "min" : 24902.0, "max" : 906388.0 }, "mip" : {"avg" : 2041.9302325581396, "std" : 6637.49195381757, "min" : 64.0, "max" : 61300.0 },  }, "Oz" : {"base" : {"avg" : 0.0, "std" : 0.0, "min" : 0.0, "max" : 0.0 }, "llvm" : {"avg" : 46810.88372093023, "std" : 96842.5823779893, "min" : 24902.0, "max" : 906388.0 }, "mip" : {"avg" : 2041.9302325581396, "std" : 6637.49195381757, "min" : 64.0, "max" : 61300.0 },  },  }, "adjusted_bin_size" : { "Os" : {"base" : {"avg" : 78381.76744186046, "std" : 178654.83247414418, "min" : 33320.0, "max" : 1636024.0 }, "llvm" : {"avg" : 269661.67441860464, "std" : 736552.5962541515, "min" : 123816.0, "max" : 8538488.0 }, "mip" : {"avg" : 104580.8546511628, "std" : 249837.67728443208, "min" : 39648.0, "max" : 2046445.0 },  }, "Oz" : {"base" : {"avg" : 78381.76744186046, "std" : 178654.83247414418, "min" : 33320.0, "max" : 1636024.0 }, "llvm" : {"avg" : 269661.67441860464, "std" : 736552.5962541515, "min" : 123816.0, "max" : 8538488.0 }, "mip" : {"avg" : 104580.80813953489, "std" : 249837.68587791047, "min" : 39648.0, "max" : 2046445.0 },  },  },  }